password,rank
123456,1
password,2
123456789,3
12345678,4
12345,5
1234567,6
password1,7
12345679,8
qwerty,9
abc123,10
111111,11
123123,12
1234567890,13
0,14
qwerty123,15
1q2w3e4r,16
admin,17
letmein,18
welcome,19
monkey,20
dragon,21
master,22
sunshine,23
princess,24
login,25
passw0rd,26
starwars,27
shadow,28
football,29
baseball,30
trustno1,31
whatever,32
freedom,33
solo,34
654321,35
jordan23,36
iloveyou,37
superman,38
batman,39
michael,40
hello,41
charlie,42
aa123456,43
donald,44
secret,45
password123,46
123qwe,47
1234,48
qwertyuiop,49
google,50
11111111,51
samsung,52
zxcvbnm,53
121212,54
asdfghjkl,55
192837,56
777777,57
qazwsx,58
1q2w3e,59
123321,60
password12,61
liverpool,62
654321a,63
987654321,64
55555,65
myspace1,66
666666,67
123abc,68
target123,69
computer,70
soccer,71
charlie1,72
555555,73
fuckyou,74
killer,75
jennifer,76
bailey,77
jessica,78
hunter,79
222222,80
12341234,81
andrew,82
money1,83
princess1,84
jordan,85
daniel,86
654321,87
ashley,88
phoenix,89
buster,90
thomas,91
joshua,92
access,93
888888,94
zaq1zaq1,95
abc123456,96
password1!,97
sunshine1,98
test,99
qwerty1,100
aa12345678,101
football1,102
bandit,103
maggie,104
ginger,105
pepper,106
summer,107
bailey1,108
matthew,109
money,110
joseph,111
131313,112
amanda,113
robert,114
112233,115
pepper1,116
ranger,117
elizabeth,118
lol123,119
cheese,120
madison,121
trustno1,122
abc12345,123
william,124
qazwsxedc,125
password2,126
444444,127
pepper123,128
cookie,129
liverpool1,130
london,131
jessica1,132
computer1,133
jasper,134
welcome1,135
chelsea,136
batman1,137
samantha,138
james,139
hannah,140
brandon,141
midnight,142
george,143
richard,144
jackson,145
arsenal,146
michelle,147
forever,148
david,149
tigger,150
nicole,151
purple,152
merlin,153
samsung1,154
fuckoff,155
killer123,156
benjamin,157
hello123,158
liverpool123,159
sunshine123,160
christian,161
123456789a,162
harley,163
shadow1,164
333333,165
101010,166
1234554321,167
abcd1234,168
princess123,169
asdfgh,170
butterfly,171
rangers,172
soccer1,173
superman1,174
winner,175
987654,176
matrix,177
freedom1,178
football123,179
master1,180
jordan1,181
password!,182
anthony,183
orange,184
andrew1,185
aaaaaa,186
diamond,187
chocolate,188
password12345,189
test123,190
destiny,191
letmein1,192
yellow,193
whatever1,194
1111,195
dragon1,196
junior,197
nicholas,198
qwerty12,199
hello1,200
cookie1,201
hunter1,202
jackson1,203
angel,204
thunder,205
london123,206
iloveu,207
summer1,208
liverpool2011,209
internet,210
baseball1,211
bailey123,212
phoenix1,213
159753,214
password123456,215
asd123,216
buster1,217
michael1,218
999999,219
qwerty123456,220
secret123,221
pokemon,222
daniel1,223
monster,224
qwertyui,225
zxcvbn,226
789456123,227
cameron,228
angels,229
flower,230
password321,231
angel1,232
princess12,233
jasmine,234
987654321a,235
1q2w3e4r5t,236
babygirl,237
jordan123,238
pass,239
nicholas1,240
thomas1,241
jonathan,242
12345678910,243
qwerty1234,244
zxcv1234,245
88888888,246
jessica123,247
asdf1234,248
fuckyou1,249
admin123,250
hunter123,251
samsung123,252
slipknot,253
monkey1,254
chocolate1,255
jennifer1,256
123456a,257
Password,258
maverick,259
babygirl1,260
summer123,261
1111111,262
nothing,263
qazwsxedcrfv,264
pepper12,265
scooter,266
12121212,267
iloveyou1,268
bubbles,269
love,270
123456789q,271
amanda1,272
rainbow,273
diamond1,274
orange1,275
football12,276
justin,277
maxwell,278
pokemon1,279
123698745,280
1q2w3e4r5t6y,281
maggie1,282
joseph1,283
chelsea1,284
blink182,285
samsung12,286
arsenal1,287
ginger1,288
123456abc,289
love123,290
friends,291
chelsea123,292
cookie123,293
robert1,294
midnight1,295
whatever123,296
654123,297
blink-182,298
destiny1,299
elizabeth1,300
security,301
12345a,302
147258369,303
999999999,304
zxcvbnm123,305
qwe123,306
family,307
1111111111,308
william1,309
654321q,310
asdfghjk,311
tigger1,312
hannah1,313
mother,314
forever1,315
dragon123,316
zaq12wsx,317
password!1,318
football1234,319
christopher,320
loveme,321
arsenal123,322
football2,323
98765432,324
alexander,325
1234qwer,326
joshua1,327
starwars1,328
baseball123,329
monkey123,330
jordan12,331
winner1,332
asd12345,333
asdfghjkl123,334
bailey12,335
purple1,336
internet1,337
merlin1,338
spider,339
love1,340
junior1,341
trustno2,342
freedom123,343
charlie123,344
monster1,345
789456,346
123456q,347
hello12,348
iloveyou2,349
princess1234,350
madison1,351
shadow123,352
biteme,353
flower1,354
thunder1,355
ginger123,356
sunshine12,357
hunter12,358
password1234,359
michelle1,360
123abc456,361
george1,362
killer12,363
harley1,364
arsenal12,365
soccer123,366
london1,367
111222,368
samantha1,369
princess2,370
football11,371
test1234,372
peanut,373
112358,374
richard1,375
1234567891,376
bailey1234,377
anthony1,378
admin1,379
summer12,380
pass123,381
james1,382
jessica12,383
1q2w3e4r5,384
qwerty12345,385
justin1,386
matthew1,387
jonathan1,388
liverpool12,389
jessica1234,390
qwerty11,391
123456789z,392
liverpool11,393
password01,394
banana,395
passw0rd1,396
123456789abc,397
cameron1,398
liverpool1892,399
football123456,400
cookie12,401
samantha123,402
ashley1,403
football321,404
nicole1,405
tiger,406
letmein123,407
123654789,408
amanda123,409
phoenix123,410
iloveyou123,411
qazwsx123,412
131313a,413
jordan1234,414
soccer12,415
butterfly1,416
michael123,417
pepper1234,418
jackson123,419
chocolate123,420
thomas123,421
jasmine1,422
1q2w3e4r5t6y7u,423
soccer1234,424
654987,425
love12,426
friends1,427
nicholas123,428
1234512345,429
rangers1,430
maggie123,431
sunshine1234,432
michael12,433
123456789qwe,434
daniel123,435
london12,436
loveyou,437
arsenal1234,438
1234567a,439
madison123,440
test12,441
chelsea12,442
whatever12,443
456789,444
admin1234,445
secret12,446
147258,447
destiny123,448
aaaaaa1,449
dragon1234,450
liverpool123456,451
babygirl123,452
orange123,453
hunter1234,454
welcome123,455
qwerty123456789,456
maxwell1,457
princess123456,458
password11,459
charlie12,460
football1234567,461
hannah123,462
jordan12345,463
pokemon123,464
winner123,465
joseph123,466
liverpool2012,467
slipknot1,468
pepper123456,469
internet123,470
baseball12,471
sunshine123456,472
chelsea1234,473
summer1234,474
123qweasd,475
qwertyuiop123,476
monkey12,477
shadow12,478
justin123,479
hunter123456,480
love1234,481
george123,482
diamond123,483
liverpool2010,484
rainbow1,485
jessica123456,486
bailey123456,487
batman123,488
1a2b3c4d,489
david1,490
flower123,491
ginger12,492
arsenal123456,493
killer1234,494
samsung1234,495
jasmine123,496
superman123,497
dragon12,498
soccer123456,499
football12345,500
pepper12345,501
liverpool1234,502
jordan123456,503
football1234567890,504
letmein12,505
forever123,506
monkey1234,507
summer123456,508
liverpool2013,509
123456789qwerty,510
qazwsx12,511
password12345678,512
nothing1,513
bailey12345,514
sunshine12345,515
london123456,516
amanda12,517
football11111,518
arsenal12345,519
pass1234,520
hannah12,521
christopher1,522
hunter12345,523
thunder123,524
hello1234,525
shadow1234,526
liverpool2009,527
zxcvbnm1,528
daniel12,529
destiny12,530
whatever1234,531
madison12,532
family1,533
friends123,534
test123456,535
jackson12,536
soccer12345,537
nicole123,538
merlin123,539
master123,540
cookie1234,541
purple123,542
liverpool2014,543
dragon123456,544
harley123,545
qwerty1234567,546
butterfly123,547
jordan1234567,548
ashley123,549
iloveyou12,550
liverpool2015,551
phoenix12,552
london1234,553
football123456789,554
love123456,555
baby,556
secret1234,557
password123456789,558
pepper123456789,559
batman12,560
football12345678,561
sunshine1234567,562
arsenal1234567,563
starwars123,564
bailey1234567,565
rangers123,566
liverpool12345,567
summer1234567,568
samantha12,569
123456789qwer,570
monster123,571
liverpool2016,572
chelsea123456,573
welcome12,574
football123456789abc,575
jordan12345678,576
loveme1,577
killer123456,578
justin12,579
pokemon12,580
matthew123,581
tiger1,582
thomas12,583
jonathan123,584
password1234567,585
liverpool123456789,586
bailey123456789,587
hunter1234567,588
shadow123456,589
dragon1234567,590
jessica123456789,591
liverpool2017,592
football1234567890abc,593
whatever123456,594
amanda1234,595
zxcvbnm12,596
arsenal123456789,597
qwerty12345678,598
internet12,599
asd123456,600
iloveyou1234,601
sunshine123456789,602
football11111111,603
destiny1234,604
london12345,605
soccer123456789,606
liverpool2018,607
nothing123,608
friends12,609
liverpool123456789abc,610
jordan123456789,611
chocolate12,612
admin12345,613
pepper1234567,614
joshua123,615
hunter123456789,616
cookie123456,617
liverpool2019,618
football123456789abcd,619
forever12,620
bailey123456789abc,621
nicholas12,622
anthony123,623
family123,624
superman12,625
samantha1234,626
ranger1,627
dragon123456789,628
arsenal123456789abc,629
qwertyuiop1234,630
letmein1234,631
test1234567,632
shadow1234567,633
ginger1234,634
george12,635
liverpool2020,636
sunshine1234567890,637
jessica1234567,638
winner12,639
baby1,640
maggie12,641
friends1234,642
london123456789,643
starwars12,644
whatever1234567,645
hannah1234,646
football1234567890abcd,647
chelsea1234567,648
qazwsxedc123,649
bailey1234567890,650
jordan1234567890,651
security1,652
batman1234,653
password12345678910,654
summer12345,655
liverpool123456789abcd,656
iloveyou123456,657
destiny12345,658
liverpool2021,659
arsenal1234567890,660
joseph12,661
liverpool12345678,662
charlie1234,663
hunter12345678,664
internet1234,665
123456789qwerty123,666
pepper12345678,667
football123456789abcde,668
monster12,669
dragon12345,670
shadow12345,671
qwerty123456789abc,672
soccer1234567,673
liverpool123456789abcde,674
sunshine12345678,675
forever1234,676
bailey12345678,677
friends12345,678
nothing12,679
liverpool2022,680
family12,681
test12345,682
starwars1234,683
ginger12345,684
amanda123456,685
liverpool1234567,686
destiny123456,687
arsenal12345678,688
chelsea12345,689
london1234567,690
123456789qwertyuiop,691
hunter1234567890,692
jordan12345678910,693
jessica12345,694
football1234567890abcde,695
whatever12345,696
bailey1234567890abc,697
liverpool12345678910,698
pepper123456789abc,699
iloveyou1234567,700
arsenal123456789abcd,701
shadow123456789,702
dragon1234567890,703
liverpool2023,704
sunshine123456789abc,705
soccer12345678,706
liverpool123456789abcdef,707
bailey123456789abcd,708
password123456789abc,709
football12345678910,710
forever12345,711
hunter12345678910,712
destiny1234567,713
friends123456,714
liverpool1234567890,715
jordan123456789abc,716
arsenal1234567890abc,717
jessica123456,718
chelsea123456789,719
whatever123456789,720
test123456789,721
london12345678,722
shadow1234567890,723
bailey12345678910,724
dragon12345678,725
liverpool12345678910abc,726
liverpool2024,727
pepper1234567890,728
arsenal12345678910,729
football123456789abcdef,730
hunter123456789abc,731
sunshine1234567890abc,732
bailey1234567890abcd,733
soccer123456789abc,734
jordan1234567890abc,735
destiny12345678,736
liverpool123456789abcdefg,737
forever123456,738
family1234,739
friends1234567,740
jessica1234567890,741
chelsea1234567890,742
whatever1234567890,743
arsenal123456789abcde,744
shadow12345678910,745
london123456789abc,746
bailey123456789abcde,747
test1234567890,748
dragon123456789abc,749
hunter1234567890abc,750
liverpool123456789012,751
pepper12345678910,752
football1234567890abcdef,753
liverpool2025,754
arsenal1234567890abcd,755
sunshine12345678910,756
jordan12345678910abc,757
soccer1234567890,758
bailey1234567890abcde,759
destiny123456789,760
jessica12345678,761
forever1234567,762
liverpool12345678910abcd,763
chelsea12345678,764
whatever12345678,765
arsenal12345678910abc,766
shadow123456789abc,767
bailey12345678910abc,768
hunter12345678910abc,769
dragon1234567890abc,770
london1234567890,771
friends12345678,772
family123456,773
sunshine123456789abcd,774
test12345678,775
liverpool123456789abcdefgh,776
pepper123456789abcd,777
football12345678910abc,778
jordan123456789abcd,779
bailey123456789abcdef,780
arsenal123456789abcdef,781
soccer12345678910,782
liverpool2026,783
chelsea123456789abc,784
destiny1234567890,785
jessica123456789,786
whatever123456789abc,787
forever12345678,788
shadow1234567890abc,789
bailey1234567890abcdef,790
hunter123456789abcd,791
dragon12345678910,792
london12345678910,793
friends123456789,794
arsenal1234567890abcde,795
sunshine1234567890abcd,796
liverpool12345678910abcde,797
test123456789abc,798
pepper1234567890abc,799
football123456789abcdefg,800
jordan1234567890abcd,801
bailey12345678910abcd,802
soccer123456789abcd,803
family1234567,804
chelsea1234567890abc,805
jessica1234567890abc,806
destiny12345678910,807
whatever1234567890abc,808
liverpool123456789abcdefghi,809
forever123456789,810
arsenal12345678910abcd,811
shadow12345678910abc,812
bailey123456789abcdefg,813
hunter1234567890abcd,814
dragon123456789abcd,815
london123456789abcd,816
friends1234567890,817
sunshine12345678910abc,818
test1234567890abc,819
pepper12345678910abc,820
football1234567890abcdefg,821
liverpool12345678910abcdef,822
jordan12345678910abcd,823
bailey1234567890abcdefg,824
soccer1234567890abc,825
chelsea12345678910,826
family12345678,827
jessica12345678910,828
destiny123456789abc,829
whatever12345678910,830
arsenal123456789abcdefg,831
forever1234567890,832
shadow123456789abcd,833
bailey12345678910abcde,834
hunter12345678910abcd,835
dragon1234567890abcd,836
london1234567890abc,837
friends12345678910,838
sunshine123456789abcde,839
test12345678910,840
liverpool123456789abcdefghij,841
pepper123456789abcde,842
football12345678910abcd,843
jordan123456789abcde,844
bailey123456789abcdefgh,845
soccer12345678910abc,846
chelsea123456789abcd,847
family123456789,848
jessica123456789abc,849
destiny1234567890abc,850
whatever123456789abcd,851
arsenal1234567890abcdef,852
forever12345678910,853
liverpool12345678910abcdefg,854
shadow1234567890abcd,855
bailey1234567890abcdefgh,856
hunter123456789abcde,857
dragon12345678910abc,858
london12345678910abc,859
friends123456789abc,860
sunshine1234567890abcde,861
test123456789abcd,862
pepper1234567890abcd,863
football123456789abcdefgh,864
jordan1234567890abcde,865
bailey12345678910abcdef,866
soccer123456789abcde,867
chelsea1234567890abcd,868
family1234567890,869
jessica1234567890abcd,870
destiny12345678910abc,871
whatever1234567890abcd,872
arsenal12345678910abcde,873
forever123456789abc,874
shadow12345678910abcd,875
bailey123456789abcdefghi,876
hunter1234567890abcde,877
dragon123456789abcde,878
london123456789abcde,879
friends1234567890abc,880
sunshine12345678910abcd,881
test1234567890abcd,882
pepper12345678910abcd,883
football1234567890abcdefgh,884
jordan12345678910abcde,885
bailey1234567890abcdefghi,886
soccer1234567890abcd,887
chelsea12345678910abc,888
family12345678910,889
jessica12345678910abc,890
destiny123456789abcd,891
whatever12345678910abc,892
arsenal123456789abcdefgh,893
forever1234567890abc,894
shadow123456789abcde,895
bailey12345678910abcdefg,896
hunter12345678910abcde,897
dragon1234567890abcde,898
london1234567890abcd,899
friends12345678910abc,900
sunshine123456789abcdef,901
test12345678910abc,902
pepper123456789abcdef,903
football12345678910abcde,904
jordan123456789abcdef,905
bailey123456789abcdefghij,906
soccer12345678910abcd,907
chelsea123456789abcde,908
family123456789abc,909
jessica123456789abcd,910
destiny1234567890abcd,911
whatever123456789abcde,912
arsenal1234567890abcdefg,913
forever12345678910abc,914
shadow1234567890abcde,915
bailey1234567890abcdefghij,916
hunter123456789abcdef,917
dragon12345678910abcd,918
london12345678910abcd,919
friends123456789abcd,920
sunshine1234567890abcdef,921
test123456789abcde,922
pepper1234567890abcde,923
football123456789abcdefghi,924
jordan1234567890abcdef,925
bailey12345678910abcdefgh,926
soccer123456789abcdef,927
chelsea1234567890abcde,928
family1234567890abc,929
jessica1234567890abcde,930
destiny12345678910abcd,931
whatever1234567890abcde,932
arsenal12345678910abcdef,933
forever123456789abcd,934
shadow12345678910abcde,935
hunter1234567890abcdef,936
dragon123456789abcdef,937
london123456789abcdef,938
friends1234567890abcd,939
sunshine12345678910abcde,940
test1234567890abcde,941
pepper12345678910abcde,942
football1234567890abcdefghi,943
jordan12345678910abcdef,944
soccer1234567890abcde,945
chelsea12345678910abcd,946
family12345678910abc,947
jessica12345678910abcd,948
destiny123456789abcde,949
whatever12345678910abcd,950
arsenal123456789abcdefghi,951
forever1234567890abcd,952
shadow123456789abcdef,953
hunter12345678910abcdef,954
dragon1234567890abcdef,955
london1234567890abcde,956
friends12345678910abcd,957
sunshine123456789abcdefg,958
test12345678910abcd,959
pepper123456789abcdefg,960
football12345678910abcdef,961
jordan123456789abcdefg,962
soccer12345678910abcde,963
chelsea123456789abcdef,964
family123456789abcd,965
jessica123456789abcde,966
destiny1234567890abcde,967
whatever123456789abcdef,968
arsenal1234567890abcdefgh,969
forever12345678910abcd,970
shadow1234567890abcdef,971
hunter123456789abcdefg,972
dragon12345678910abcde,973
london12345678910abcde,974
friends123456789abcde,975
sunshine1234567890abcdefg,976
test123456789abcdef,977
pepper1234567890abcdef,978
football123456789abcdefghij,979
jordan1234567890abcdefg,980
soccer123456789abcdefg,981
chelsea1234567890abcdef,982
family1234567890abcd,983
jessica1234567890abcdef,984
destiny12345678910abcde,985
whatever1234567890abcdef,986
arsenal12345678910abcdefg,987
forever123456789abcde,988
shadow12345678910abcdef,989
hunter1234567890abcdefg,990
dragon123456789abcdefg,991
london123456789abcdefg,992
friends1234567890abcde,993
sunshine12345678910abcdef,994
test1234567890abcdef,995
pepper12345678910abcdef,996
football1234567890abcdefghij,997
jordan12345678910abcdefg,998
soccer1234567890abcdef,999
chelsea12345678910abcde,1000
